{
  "neutral_5": {
    "market_state": "neutral",
    "outcomes": [
      -0.011999999999997613,
      0.050999999999999095,
      -0.0210672
    ],
    "confidence": 0.3333333333333333,
    "outcome": -0.011999999999997613
  },
  "overbought_6": {
    "market_state": "overbought",
    "outcomes": [
      0.059999999999999436,
      0.043999999999999775,
      0.03190585000000011
    ],
    "confidence": 1.0
  },
  "neutral_6": {
    "market_state": "neutral",
    "outcomes": [
      -0.020000000000001707
    ],
    "confidence": 0.0
  }
}