{
  "neutral_6": {
    "market_state": "neutral",
    "outcomes": [
      0.02487230000000079
    ],
    "confidence": 1.0
  },
  "overbought_6": {
    "market_state": "overbought",
    "outcomes": [
      -0.06519699999999978,
      -0.022226149999999095
    ],
    "confidence": 0.0
  }
}